Louisiana,LA,Abbeville,,,,,,,,70510###70511,29.9466,-92.2416,America/Chicago,CST,-6,,,,,,,,,,,
Louisiana,LA,Abita Springs,,,,,,,,70420,30.47748,-89.9553,America/Chicago,CST,-6,,,,,,,,,,,
Louisiana,LA,Addis,,,,,,,,70710,30.36299,-91.2631,America/Chicago,CST,-6,,,,,,,,,,,
Louisiana,LA,Alexandria,,,,,,,,71315###71309###71307###71306###71301###71303###71302,31.27416,-92.4671,America/Chicago,CST,-6,,,,,,,,,,,
Louisiana,LA,Amelia,,,,,,,,70340,29.66978,-91.1054,America/Chicago,CST,-6,,,,,,,,,,,
Louisiana,LA,Amite,,,,,,,,70422,30.74483,-90.4106,America/Chicago,CST,-6,,,,,,,,,,,
Louisiana,LA,Anacoco,,,,,,,,71403,31.25213,-93.3413,America/Chicago,CST,-6,,,,,,,,,,,
Louisiana,LA,Angie,,,,,,,,70426###70467,30.91558,-89.8828,America/Chicago,CST,-6,,,,,,,,,,,
Louisiana,LA,Arcadia,,,,,,,,71001,32.54904,-92.9202,America/Chicago,CST,-6,,,,,,,,,,,
Louisiana,LA,Arnaudville,,,,,,,,70512,30.4749,-91.9673,America/Chicago,CST,-6,,,,,,,,,,,
Louisiana,LA,Ashland,,,,,,,,71002,32.13784,-93.0906,America/Chicago,CST,-6,,,,,,,,,,,
Louisiana,LA,Athens,,,,,,,,71003,32.68552,-93.0336,America/Chicago,CST,-6,,,,,,,,,,,
Louisiana,LA,Atlanta,,,,,,,,71404,31.77596,-92.7958,America/Chicago,CST,-6,,,,,,,,,,,
Louisiana,LA,Avery Island,,,,,,,,70513,29.90354,-91.9104,America/Chicago,CST,-6,,,,,,,,,,,
Louisiana,LA,Avondale,,,,,,,,,0,0,,,,,,,,,,,,,,
Louisiana,LA,Baker,,,,,,,,70704###70714,30.51589,-91.0804,America/Chicago,CST,-6,,,,,,,,,,,
Louisiana,LA,Baldwin,,,,,,,,70514,29.84608,-91.5453,America/Chicago,CST,-6,,,,,,,,,,,
Louisiana,LA,Ball,,,,,,,,71405,31.41513,-92.3945,America/Chicago,CST,-6,,,,,,,,,,,
Louisiana,LA,Barataria,,,,,,,,70036,29.69636,-90.1122,America/Chicago,CST,-6,,,,,,,,,,,
Louisiana,LA,Basile,,,,,,,,70515,30.4852,-92.596,America/Chicago,CST,-6,,,,,,,,,,,
Louisiana,LA,Baskin,,,,,,,,71219,32.31126,-91.6854,America/Chicago,CST,-6,,,,,,,,,,,
Louisiana,LA,Bastrop,,,,,,,,71221###71220,32.79504,-91.8737,America/Chicago,CST,-6,,,,,,,,,,,
Louisiana,LA,Batchelor,,,,,,,,70715,30.82975,-91.6944,America/Chicago,CST,-6,,,,,,,,,,,
Louisiana,LA,Baton Rouge,,,,,,,,70816###70817###70893###70823###70891###70884###70879###70803###70804###70818###70819###70895###70805###70827###70894###70896###70898###70822###70821###70820###70802###70808###70826###70874###70836###70811###70835###70833###70801###70873###70806###70831###70807###70825###70813###70812###70892###70810###70814###70815###70809###70837,30.44924,-91.1856,America/Chicago,CST,-6,,,,,,,,,,,
Louisiana,LA,Bayou Cane,,,,,,,,,29.61355,-90.7732,America/Chicago,CST,-6,,,,,,,,,,,
Louisiana,LA,Bayou Sorrel,,,,,,,,,29.88909,-91.6168,America/Chicago,CST,-6,,,,,,,,,,,
Louisiana,LA,Bayou Vista,,,,,,,,,0,0,,,,,,,,,,,,,,
Louisiana,LA,Beaver,,,,,,,,,0,0,,,,,,,,,,,,,,
Louisiana,LA,Belcher,,,,,,,,71004,32.77428,-93.8836,America/Chicago,CST,-6,,,,,,,,,,,
Louisiana,LA,Bell City,,,,,,,,70630,30.10539,-93.0372,America/Chicago,CST,-6,,,,,,,,,,,
Louisiana,LA,Belle Chasse,,,,,,,,70037###70093,29.84727,-90.0068,America/Chicago,CST,-6,,,,,,,,,,,
Louisiana,LA,Benton,,,,,,,,71006,32.72503,-93.6376,America/Chicago,CST,-6,,,,,,,,,,,
Louisiana,LA,Bernice,,,,,,,,71222,32.82209,-92.6579,America/Chicago,CST,-6,,,,,,,,,,,
Louisiana,LA,Berwick,,,,,,,,70342,29.69288,-91.2518,America/Chicago,CST,-6,,,,,,,,,,,
Louisiana,LA,Bienville,,,,,,,,71008,32.35577,-92.9961,America/Chicago,CST,-6,,,,,,,,,,,
Louisiana,LA,Big Cane,,,,,,,,,30.86344,-91.7987,,,,,,,,,,,,,,
Louisiana,LA,Blanchard,,,,,,,,71009,32.63274,-93.8969,America/Chicago,CST,-6,,,,,,,,,,,
Louisiana,LA,Bogalusa,,,,,,,,70429###70427,30.7442,-89.9121,America/Chicago,CST,-6,,,,,,,,,,,
Louisiana,LA,Bonita,,,,,,,,71223,32.90639,-91.653,America/Chicago,CST,-6,,,,,,,,,,,
Louisiana,LA,Boothville,,,,,,,,70038,29.34922,-89.4385,America/Chicago,CST,-6,,,,,,,,,,,
Louisiana,LA,Bordelonville,,,,,,,,71320,31.09194,-91.9061,America/Chicago,CST,-6,,,,,,,,,,,
Louisiana,LA,Bossier City,,,,,,,,71113###71171###71112###71172###71111,32.57311,-93.6994,America/Chicago,CST,-6,,,,,,,,,,,
Louisiana,LA,Boutte,,,,,,,,70039,29.89266,-90.3966,America/Chicago,CST,-6,,,,,,,,,,,
Louisiana,LA,Boyce,,,,,,,,71409,31.39046,-92.6693,America/Chicago,CST,-6,,,,,,,,,,,
Louisiana,LA,Branch,,,,,,,,70516,30.34462,-92.3459,America/Chicago,CST,-6,,,,,,,,,,,
Louisiana,LA,Breaux Bridge,,,,,,,,70517,30.27353,-91.8993,America/Chicago,CST,-6,,,,,,,,,,,
Louisiana,LA,Bridge City,,,,,,,,,29.93326,-90.1701,America/Chicago,CST,-6,,,,,,,,,,,
Louisiana,LA,Broussard,,,,,,,,70518,30.1606,-91.9639,America/Chicago,CST,-6,,,,,,,,,,,
Louisiana,LA,Brownsville-Bawcom,,,,,,,,,32.48709,-92.1543,America/Chicago,CST,-6,,,,,,,,,,,
Louisiana,LA,Brownsville-Bawcomville,,,,,,,,,32.48709,-92.1543,America/Chicago,CST,-6,,,,,,,,,,,
Louisiana,LA,Brusly,,,,,,,,70719,30.39009,-91.2735,America/Chicago,CST,-6,,,,,,,,,,,
Louisiana,LA,Bryceland,,,,,,,,,32.45099,-92.9793,America/Chicago,CST,-6,,,,,,,,,,,
Louisiana,LA,Bundick Lake,,,,,,,,,30.29992,-90.8529,America/Chicago,CST,-6,,,,,,,,,,,
Louisiana,LA,Bunkie,,,,,,,,71322,30.95325,-92.1826,America/Chicago,CST,-6,,,,,,,,,,,
Louisiana,LA,Buras,,,,,,,,70041,29.35189,-89.5242,America/Chicago,CST,-6,,,,,,,,,,,
Louisiana,LA,Burns Point,,,,,,,,,32.66097,-92.2776,America/Chicago,CST,-6,,,,,,,,,,,
Louisiana,LA,Burr Ferry,,,,,,,,,0,0,,,,,,,,,,,,,,
Louisiana,LA,Bush,,,,,,,,70431,30.6088,-89.9001,America/Chicago,CST,-6,,,,,,,,,,,
Louisiana,LA,Butte La Rose,,,,,,,,,30.2777,-91.6868,America/Chicago,CST,-6,,,,,,,,,,,
Louisiana,LA,Cade,,,,,,,,70519,30.07969,-91.9114,America/Chicago,CST,-6,,,,,,,,,,,
Louisiana,LA,Calcasieu,,,,,,,,,31.08963,-92.7115,America/Chicago,CST,-6,,,,,,,,,,,
Louisiana,LA,Calvin,,,,,,,,71410,31.96572,-92.7757,America/Chicago,CST,-6,,,,,,,,,,,
Louisiana,LA,Cameron,,,,,,,,70631,29.7911,-93.438,America/Chicago,CST,-6,,,,,,,,,,,
Louisiana,LA,Campti,,,,,,,,71411,31.8935,-93.1182,America/Chicago,CST,-6,,,,,,,,,,,
Louisiana,LA,Cankton,,,,,,,,,30.34603,-92.1096,America/Chicago,CST,-6,,,,,,,,,,,
Louisiana,LA,Carencro,,,,,,,,70520,30.31714,-92.049,America/Chicago,CST,-6,,,,,,,,,,,
Louisiana,LA,Carlyss,,,,,,,,,30.29027,-93.3717,America/Chicago,CST,-6,,,,,,,,,,,
Louisiana,LA,Carville,,,,,,,,70721,30.21742,-91.0962,America/Chicago,CST,-6,,,,,,,,,,,
Louisiana,LA,Castor,,,,,,,,71016,32.24099,-93.1044,America/Chicago,CST,-6,,,,,,,,,,,
Louisiana,LA,Catahoula,,,,,,,,,30.21464,-91.709,America/Chicago,CST,-6,,,,,,,,,,,
Louisiana,LA,Cecilia,,,,,,,,70521,30.34492,-91.8548,America/Chicago,CST,-6,,,,,,,,,,,
Louisiana,LA,Centerpoint,,,,,,,,,31.24824,-92.2099,America/Chicago,CST,-6,,,,,,,,,,,
Louisiana,LA,Centerville,,,,,,,,70522,29.75226,-91.4397,America/Chicago,CST,-6,,,,,,,,,,,
Louisiana,LA,Chalmette,,,,,,,,70044###70043,29.94775,-89.9549,America/Chicago,CST,-6,,,,,,,,,,,
Louisiana,LA,Charenton,,,,,,,,70523,29.86713,-91.5394,America/Chicago,CST,-6,,,,,,,,,,,
Louisiana,LA,Chataignier,,,,,,,,70524,30.56853,-92.3221,America/Chicago,CST,-6,,,,,,,,,,,
Louisiana,LA,Chatham,,,,,,,,71226,32.29969,-92.4412,America/Chicago,CST,-6,,,,,,,,,,,
Louisiana,LA,Chauvin,,,,,,,,70344,29.39366,-90.6091,America/Chicago,CST,-6,,,,,,,,,,,
Louisiana,LA,Cheneyville,,,,,,,,71325,31.04704,-92.3835,America/Chicago,CST,-6,,,,,,,,,,,
Louisiana,LA,Choudrant,,,,,,,,71227,32.53015,-92.5143,America/Chicago,CST,-6,,,,,,,,,,,
Louisiana,LA,Church Point,,,,,,,,70525,30.40298,-92.2151,America/Chicago,CST,-6,,,,,,,,,,,
Louisiana,LA,Claiborne,,,,,,,,,32.51598,-92.1918,America/Chicago,CST,-6,,,,,,,,,,,
Louisiana,LA,Clarence,,,,,,,,71414,31.82793,-93.0239,America/Chicago,CST,-6,,,,,,,,,,,
Louisiana,LA,Clarks,,,,,,,,71415,32.05551,-92.1649,America/Chicago,CST,-6,,,,,,,,,,,
Louisiana,LA,Clayton,,,,,,,,71326,31.71576,-91.5163,America/Chicago,CST,-6,,,,,,,,,,,
Louisiana,LA,Clinton,,,,,,,,70722,30.84273,-90.9603,America/Chicago,CST,-6,,,,,,,,,,,
Louisiana,LA,Cocodrie,,,,,,,,,29.24689,-90.6615,America/Chicago,CST,-6,,,,,,,,,,,
Louisiana,LA,Colfax,,,,,,,,71417,31.52764,-92.6533,America/Chicago,CST,-6,,,,,,,,,,,
Louisiana,LA,Collinston,,,,,,,,71229,32.69097,-91.8718,America/Chicago,CST,-6,,,,,,,,,,,
Louisiana,LA,Columbia,,,,,,,,71418,32.10219,-92.1177,America/Chicago,CST,-6,,,,,,,,,,,
Louisiana,LA,Constance Beach,,,,,,,,,30.6088,-89.9001,America/Chicago,CST,-6,,,,,,,,,,,
Louisiana,LA,Convent,,,,,,,,70723,30.02076,-90.8298,America/Chicago,CST,-6,,,,,,,,,,,
Louisiana,LA,Converse,,,,,,,,71419,31.73386,-93.6902,America/Chicago,CST,-6,,,,,,,,,,,
Louisiana,LA,Cotton Valley,,,,,,,,71018,32.80114,-93.4077,America/Chicago,CST,-6,,,,,,,,,,,
Louisiana,LA,Cottonport,,,,,,,,71327,30.97362,-91.9953,America/Chicago,CST,-6,,,,,,,,,,,
Louisiana,LA,Coushatta,,,,,,,,71019,32.0231,-93.2648,America/Chicago,CST,-6,,,,,,,,,,,
Louisiana,LA,Covington,,,,,,,,70435###70433###70434,30.45886,-90.1566,America/Chicago,CST,-6,,,,,,,,,,,
Louisiana,LA,Creole,,,,,,,,70632,29.83695,-93.0578,America/Chicago,CST,-6,,,,,,,,,,,
Louisiana,LA,Crowley,,,,,,,,70526###70527,30.21007,-92.38,America/Chicago,CST,-6,,,,,,,,,,,
Louisiana,LA,Cullen,,,,,,,,71021,32.96903,-93.4507,America/Chicago,CST,-6,,,,,,,,,,,
Louisiana,LA,Cut Off,,,,,,,,70345,29.50959,-90.3351,America/Chicago,CST,-6,,,,,,,,,,,
Louisiana,LA,Cypremort Point,,,,,,,,,32.66097,-92.2776,America/Chicago,CST,-6,,,,,,,,,,,
Louisiana,LA,Darlington,,,,,,,,,30.87796,-90.7815,America/Chicago,CST,-6,,,,,,,,,,,
Louisiana,LA,De Quincy,,,,,,,,,0,0,,,,,,,,,,,,,,
Louisiana,LA,De Ridder,,,,,,,,,30.84631,-93.2891,America/Chicago,CST,-6,,,,,,,,,,,
Louisiana,LA,Delcambre,,,,,,,,70528,29.94826,-91.9887,America/Chicago,CST,-6,,,,,,,,,,,
Louisiana,LA,Delhi,,,,,,,,71232,32.45764,-91.4932,America/Chicago,CST,-6,,,,,,,,,,,
Louisiana,LA,Delta,,,,,,,,71233,32.3257,-90.9271,America/Chicago,CST,-6,,,,,,,,,,,
Louisiana,LA,Denham Springs,,,,,,,,70706###70726###70727,30.60722,-90.9074,America/Chicago,CST,-6,,,,,,,,,,,
Louisiana,LA,Des Allemands,,,,,,,,70030,29.84122,-90.4307,America/Chicago,CST,-6,,,,,,,,,,,
Louisiana,LA,Destrehan,,,,,,,,70047,29.96421,-90.3682,America/Chicago,CST,-6,,,,,,,,,,,
Louisiana,LA,Deville,,,,,,,,71328,31.3587,-92.2233,America/Chicago,CST,-6,,,,,,,,,,,
Louisiana,LA,Dixie Inn,,,,,,,,,32.69265,-93.8349,America/Chicago,CST,-6,,,,,,,,,,,
Louisiana,LA,Dodson,,,,,,,,71422,32.07288,-92.5655,America/Chicago,CST,-6,,,,,,,,,,,
Louisiana,LA,Donaldsonville,,,,,,,,70346,30.10103,-90.9929,America/Chicago,CST,-6,,,,,,,,,,,
Louisiana,LA,Downsville,,,,,,,,71234,32.66424,-92.3623,America/Chicago,CST,-6,,,,,,,,,,,
Louisiana,LA,Doyline,,,,,,,,71023,32.53571,-93.411,America/Chicago,CST,-6,,,,,,,,,,,
Louisiana,LA,Dry Creek,,,,,,,,70637,30.6602,-93.0218,America/Chicago,CST,-6,,,,,,,,,,,
Louisiana,LA,Dry Prong,,,,,,,,71423,31.58129,-92.5329,America/Chicago,CST,-6,,,,,,,,,,,
Louisiana,LA,Dubach,,,,,,,,71235,32.64456,-92.6996,America/Chicago,CST,-6,,,,,,,,,,,
Louisiana,LA,Dubberly,,,,,,,,71024,32.53682,-93.2424,America/Chicago,CST,-6,,,,,,,,,,,
Louisiana,LA,Dulac,,,,,,,,70353,29.36971,-90.7123,America/Chicago,CST,-6,,,,,,,,,,,
Louisiana,LA,Dupont,,,,,,,,71329,31.09589,-91.979,America/Chicago,CST,-6,,,,,,,,,,,
Louisiana,LA,Duson,,,,,,,,70529,30.18798,-92.169,America/Chicago,CST,-6,,,,,,,,,,,
Louisiana,LA,Easleyville,,,,,,,,,0,0,,,,,,,,,,,,,,
Louisiana,LA,East Hodge,,,,,,,,,32.28077,-92.7146,America/Chicago,CST,-6,,,,,,,,,,,
Louisiana,LA,East New Orleans,,,,,,,,,29.9583,-90.077,America/Chicago,CST,-6,,,,,,,,,,,
Louisiana,LA,Eastwood,,,,,,,,,0,0,,,,,,,,,,,,,,
Louisiana,LA,Echo,,,,,,,,71330,31.11986,-92.2589,America/Chicago,CST,-6,,,,,,,,,,,
Louisiana,LA,Eden Isle,,,,,,,,,31.60661,-92.1432,America/Chicago,CST,-6,,,,,,,,,,,
Louisiana,LA,Edgard,,,,,,,,70049,30.03326,-90.5754,America/Chicago,CST,-6,,,,,,,,,,,
Louisiana,LA,Edgefield,,,,,,,,,32.05072,-93.333,America/Chicago,CST,-6,,,,,,,,,,,
Louisiana,LA,Effie,,,,,,,,71331,31.21602,-92.1557,America/Chicago,CST,-6,,,,,,,,,,,
Louisiana,LA,Egan,,,,,,,,70531,30.25695,-92.4865,America/Chicago,CST,-6,,,,,,,,,,,
Louisiana,LA,Elizabeth,,,,,,,,70638,30.86853,-92.7929,America/Chicago,CST,-6,,,,,,,,,,,
Louisiana,LA,Elton,,,,,,,,70532,30.42625,-92.7137,America/Chicago,CST,-6,,,,,,,,,,,
Louisiana,LA,Empire,,,,,,,,70050,29.37952,-89.5901,America/Chicago,CST,-6,,,,,,,,,,,
Louisiana,LA,Enon,,,,,,,,,0,0,,,,,,,,,,,,,,
Louisiana,LA,Epps,,,,,,,,71237,32.60403,-91.4779,America/Chicago,CST,-6,,,,,,,,,,,
Louisiana,LA,Erath,,,,,,,,70533,29.94739,-92.0453,America/Chicago,CST,-6,,,,,,,,,,,
Louisiana,LA,Eros,,,,,,,,71238,32.35376,-92.4599,America/Chicago,CST,-6,,,,,,,,,,,
Louisiana,LA,Erwinville,,,,,,,,70729,30.58769,-91.3449,America/Chicago,CST,-6,,,,,,,,,,,
Louisiana,LA,Estelle,,,,,,,,,29.84576,-90.1067,America/Chicago,CST,-6,,,,,,,,,,,
Louisiana,LA,Estherwood,,,,,,,,70534,30.18076,-92.4643,America/Chicago,CST,-6,,,,,,,,,,,
Louisiana,LA,Eunice,,,,,,,,70535,30.49437,-92.4176,America/Chicago,CST,-6,,,,,,,,,,,
Louisiana,LA,Evangeline,,,,,,,,70537,30.26243,-92.5707,America/Chicago,CST,-6,,,,,,,,,,,
Louisiana,LA,Evans,,,,,,,,70639,30.96842,-93.5203,America/Chicago,CST,-6,,,,,,,,,,,
Louisiana,LA,Evergreen,,,,,,,,71333,30.91614,-92.067,America/Chicago,CST,-6,,,,,,,,,,,
Louisiana,LA,Farmerville,,,,,,,,71241,32.77703,-92.3953,America/Chicago,CST,-6,,,,,,,,,,,
Louisiana,LA,Felps,,,,,,,,,0,0,,,,,,,,,,,,,,
Louisiana,LA,Fenton,,,,,,,,70640,30.36715,-92.9182,America/Chicago,CST,-6,,,,,,,,,,,
Louisiana,LA,Ferriday,,,,,,,,71334,31.66022,-91.5502,America/Chicago,CST,-6,,,,,,,,,,,
Louisiana,LA,Fields,,,,,,,,,30.52631,-93.5749,America/Chicago,CST,-6,,,,,,,,,,,
Louisiana,LA,Fisher,,,,,,,,71426,31.49333,-93.4645,America/Chicago,CST,-6,,,,,,,,,,,
Louisiana,LA,Flatwoods,,,,,,,,71427,31.37549,-92.8936,America/Chicago,CST,-6,,,,,,,,,,,
Louisiana,LA,Florien,,,,,,,,71429,31.44379,-93.4574,America/Chicago,CST,-6,,,,,,,,,,,
Louisiana,LA,Folsom,,,,,,,,70437,30.59343,-90.1449,America/Chicago,CST,-6,,,,,,,,,,,
Louisiana,LA,Forest,,,,,,,,71242,32.82388,-91.3989,America/Chicago,CST,-6,,,,,,,,,,,
Louisiana,LA,Forest Hill,,,,,,,,71430,31.04186,-92.5313,America/Chicago,CST,-6,,,,,,,,,,,
Louisiana,LA,Forked Island,,,,,,,,,29.83132,-92.3001,America/Chicago,CST,-6,,,,,,,,,,,
Louisiana,LA,Fort Polk,,,,,,,,,31.56668,-92.3963,America/Chicago,CST,-6,,,,,,,,,,,
Louisiana,LA,Fort Polk South,,,,,,,,,0,0,,,,,,,,,,,,,,
Louisiana,LA,Franklin,,,,,,,,70538,29.79604,-91.5015,America/Chicago,CST,-6,,,,,,,,,,,
Louisiana,LA,Franklinton,,,,,,,,70438,30.84059,-90.1208,America/Chicago,CST,-6,,,,,,,,,,,
Louisiana,LA,Galliano,,,,,,,,70354,29.43701,-90.3047,America/Chicago,CST,-6,,,,,,,,,,,
Louisiana,LA,Gardere,,,,,,,,,0,0,,,,,,,,,,,,,,
Louisiana,LA,Gardner,,,,,,,,71431,31.25868,-92.6775,America/Chicago,CST,-6,,,,,,,,,,,
Louisiana,LA,Garyville,,,,,,,,70051,30.07963,-90.6251,America/Chicago,CST,-6,,,,,,,,,,,
Louisiana,LA,Geismer,,,,,,,,,30.20512,-90.9926,America/Chicago,CST,-6,,,,,,,,,,,
Louisiana,LA,Georgetown,,,,,,,,71432,31.761,-92.3846,America/Chicago,CST,-6,,,,,,,,,,,
Louisiana,LA,Gibsland,,,,,,,,71028,32.47585,-93.0477,America/Chicago,CST,-6,,,,,,,,,,,
Louisiana,LA,Gilbert,,,,,,,,71336,31.99951,-91.619,America/Chicago,CST,-6,,,,,,,,,,,
Louisiana,LA,Gilliam,,,,,,,,71029,32.83548,-93.8301,America/Chicago,CST,-6,,,,,,,,,,,
Louisiana,LA,Gillis,,,,,,,,,30.22679,-93.2154,America/Chicago,CST,-6,,,,,,,,,,,
Louisiana,LA,Glenmora,,,,,,,,71433,31.02619,-92.616,America/Chicago,CST,-6,,,,,,,,,,,
Louisiana,LA,Golden Meadow,,,,,,,,70357,29.26932,-90.1959,America/Chicago,CST,-6,,,,,,,,,,,
Louisiana,LA,Goldonna,,,,,,,,71031,31.95314,-92.9454,America/Chicago,CST,-6,,,,,,,,,,,
Louisiana,LA,Gonzales,,,,,,,,70707###70737,30.20471,-90.8695,America/Chicago,CST,-6,,,,,,,,,,,
Louisiana,LA,Grambling,,,,,,,,71245,32.52765,-92.714,America/Chicago,CST,-6,,,,,,,,,,,
Louisiana,LA,Gramercy,,,,,,,,70052,30.04742,-90.6898,America/Chicago,CST,-6,,,,,,,,,,,
Louisiana,LA,Grand Cane,,,,,,,,71032,32.09591,-93.8207,America/Chicago,CST,-6,,,,,,,,,,,
Louisiana,LA,Grand Chenier,,,,,,,,70643,29.76442,-92.9261,America/Chicago,CST,-6,,,,,,,,,,,
Louisiana,LA,Grand Coteau,,,,,,,,70541,30.41992,-92.0465,America/Chicago,CST,-6,,,,,,,,,,,
Louisiana,LA,Grand Lake,,,,,,,,,30.22679,-93.2154,America/Chicago,CST,-6,,,,,,,,,,,
Louisiana,LA,Grant,,,,,,,,70644,30.77068,-92.9337,America/Chicago,CST,-6,,,,,,,,,,,
Louisiana,LA,Gray,,,,,,,,70359,29.6936,-90.7708,America/Chicago,CST,-6,,,,,,,,,,,
Louisiana,LA,Grayson,,,,,,,,71435,32.067,-92.1698,America/Chicago,CST,-6,,,,,,,,,,,
Louisiana,LA,Greensburg,,,,,,,,70441,30.83074,-90.6718,America/Chicago,CST,-6,,,,,,,,,,,
Louisiana,LA,Greenwell Spring,,,,,,,,,30.38741,-90.5887,America/Chicago,CST,-6,,,,,,,,,,,
Louisiana,LA,Greenwood,,,,,,,,71033,32.42997,-93.9891,America/Chicago,CST,-6,,,,,,,,,,,
Louisiana,LA,Gretna,,,,,,,,70054###70053###70056,29.91139,-90.0557,America/Chicago,CST,-6,,,,,,,,,,,
Louisiana,LA,Grosse Tete,,,,,,,,70740,30.3715,-91.4127,America/Chicago,CST,-6,,,,,,,,,,,
Louisiana,LA,Gueydan,,,,,,,,70542,30.01037,-92.5609,America/Chicago,CST,-6,,,,,,,,,,,
Louisiana,LA,Hackberry,,,,,,,,70645,29.89744,-93.3682,America/Chicago,CST,-6,,,,,,,,,,,
Louisiana,LA,Hahnville,,,,,,,,70057,29.96681,-90.4082,America/Chicago,CST,-6,,,,,,,,,,,
Louisiana,LA,Hall Summit,,,,,,,,71034,32.17738,-93.3024,America/Chicago,CST,-6,,,,,,,,,,,
Louisiana,LA,Hamburg,,,,,,,,71339,31.03074,-91.9315,America/Chicago,CST,-6,,,,,,,,,,,
Louisiana,LA,Hammond,,,,,,,,70401###70404###70403###70402,30.53359,-90.4554,America/Chicago,CST,-6,,,,,,,,,,,
Louisiana,LA,Harahan,,,,,,,,,0,0,,,,,,,,,,,,,,
Louisiana,LA,Harrisonburg,,,,,,,,71340,31.77211,-91.8215,America/Chicago,CST,-6,,,,,,,,,,,
Louisiana,LA,Harvey,,,,,,,,70059###70058,29.87556,-90.0696,America/Chicago,CST,-6,,,,,,,,,,,
Louisiana,LA,Hathaway,,,,,,,,,30.45274,-92.697,America/Chicago,CST,-6,,,,,,,,,,,
Louisiana,LA,Haughton,,,,,,,,71037,32.53265,-93.5041,America/Chicago,CST,-6,,,,,,,,,,,
Louisiana,LA,Hayes,,,,,,,,70646,30.10882,-92.9202,America/Chicago,CST,-6,,,,,,,,,,,
Louisiana,LA,Haynesville,,,,,,,,71038,32.96208,-93.1402,America/Chicago,CST,-6,,,,,,,,,,,
Louisiana,LA,Heflin,,,,,,,,71039,32.47411,-93.2889,America/Chicago,CST,-6,,,,,,,,,,,
Louisiana,LA,Henderson,,,,,,,,,30.31325,-91.7904,America/Chicago,CST,-6,,,,,,,,,,,
Louisiana,LA,Henry,,,,,,,,,29.88326,-92.0785,America/Chicago,CST,-6,,,,,,,,,,,
Louisiana,LA,Hessmer,,,,,,,,71341,31.05963,-92.1212,America/Chicago,CST,-6,,,,,,,,,,,
Louisiana,LA,Hineston,,,,,,,,71438,31.16691,-92.7375,America/Chicago,CST,-6,,,,,,,,,,,
Louisiana,LA,Hodge,,,,,,,,71247,32.28077,-92.7146,America/Chicago,CST,-6,,,,,,,,,,,
Louisiana,LA,Holly Beach,,,,,,,,,29.77078,-93.4593,America/Chicago,CST,-6,,,,,,,,,,,
Louisiana,LA,Homer,,,,,,,,71040,32.77536,-93.0004,America/Chicago,CST,-6,,,,,,,,,,,
Louisiana,LA,Hornbeck,,,,,,,,71439,31.32574,-93.3985,America/Chicago,CST,-6,,,,,,,,,,,
Louisiana,LA,Hosston,,,,,,,,71043,32.89627,-93.8776,America/Chicago,CST,-6,,,,,,,,,,,
Louisiana,LA,Houma,,,,,,,,70360###70361###70363###70364,29.57867,-90.8054,America/Chicago,CST,-6,,,,,,,,,,,
Louisiana,LA,Ida,,,,,,,,71044,32.92438,-93.9003,America/Chicago,CST,-6,,,,,,,,,,,
Louisiana,LA,Independence,,,,,,,,70443,30.65159,-90.4912,America/Chicago,CST,-6,,,,,,,,,,,
Louisiana,LA,Intracoastal City,,,,,,,,,29.78438,-92.1562,America/Chicago,CST,-6,,,,,,,,,,,
Louisiana,LA,Iota,,,,,,,,70543,30.29968,-92.4692,America/Chicago,CST,-6,,,,,,,,,,,
Louisiana,LA,Iowa,,,,,,,,70647,30.23687,-93.0138,America/Chicago,CST,-6,,,,,,,,,,,
Louisiana,LA,Jackson,,,,,,,,70748,30.80868,-91.1987,America/Chicago,CST,-6,,,,,,,,,,,
Louisiana,LA,Jamestown,,,,,,,,71045,32.34405,-93.2118,America/Chicago,CST,-6,,,,,,,,,,,
Louisiana,LA,Jean Lafitte,,,,,,,,,29.70773,-90.0982,America/Chicago,CST,-6,,,,,,,,,,,
Louisiana,LA,Jeanerette,,,,,,,,70544,29.9365,-91.7242,America/Chicago,CST,-6,,,,,,,,,,,
Louisiana,LA,Jefferson,,,,,,,,,29.97271,-91.9757,America/Chicago,CST,-6,,,,,,,,,,,
Louisiana,LA,Jefferson Island,,,,,,,,,29.97271,-91.9757,America/Chicago,CST,-6,,,,,,,,,,,
Louisiana,LA,Jena,,,,,,,,71342,31.60603,-92.1407,America/Chicago,CST,-6,,,,,,,,,,,
Louisiana,LA,Jennings,,,,,,,,70546,30.2591,-92.6941,America/Chicago,CST,-6,,,,,,,,,,,
Louisiana,LA,Johnson Bayou,,,,,,,,,30.02809,-90.5708,America/Chicago,CST,-6,,,,,,,,,,,
Louisiana,LA,Jonesboro,,,,,,,,71251,32.22847,-92.5755,America/Chicago,CST,-6,,,,,,,,,,,
Louisiana,LA,Jonesville,,,,,,,,71343,31.68623,-91.8678,America/Chicago,CST,-6,,,,,,,,,,,
Louisiana,LA,Junction,,,,,,,,,30.83798,-93.5091,America/Chicago,CST,-6,,,,,,,,,,,
Louisiana,LA,Junction City,,,,,,,,,33.01375,-92.7252,America/Chicago,CST,-6,,,,,,,,,,,
Louisiana,LA,Kaplan,,,,,,,,70548,29.99798,-92.2849,America/Chicago,CST,-6,,,,,,,,,,,
Louisiana,LA,Keachi,,,,,,,,,32.17085,-93.916,America/Chicago,CST,-6,,,,,,,,,,,
Louisiana,LA,Kenner,,,,,,,,70063###70065###70064###70062###70097,29.99171,-90.2581,America/Chicago,CST,-6,,,,,,,,,,,
Louisiana,LA,Kentwood,,,,,,,,70444,30.81447,-90.428,America/Chicago,CST,-6,,,,,,,,,,,
Louisiana,LA,Kilbourne,,,,,,,,71253,32.9912,-91.3094,America/Chicago,CST,-6,,,,,,,,,,,
Louisiana,LA,Killian,,,,,,,,,30.35881,-90.5862,America/Chicago,CST,-6,,,,,,,,,,,
Louisiana,LA,Kinder,,,,,,,,70648,30.5784,-92.9288,America/Chicago,CST,-6,,,,,,,,,,,
Louisiana,LA,Klondike,,,,,,,,,29.54661,-90.5865,America/Chicago,CST,-6,,,,,,,,,,,
Louisiana,LA,Krotz Springs,,,,,,,,70750,30.53686,-91.7529,America/Chicago,CST,-6,,,,,,,,,,,
Louisiana,LA,Kurthwood,,,,,,,,71443,31.1019,-93.3612,America/Chicago,CST,-6,,,,,,,,,,,
Louisiana,LA,Labadieville,,,,,,,,70372,29.82462,-90.9525,America/Chicago,CST,-6,,,,,,,,,,,
Louisiana,LA,Lacamp,,,,,,,,,31.12017,-93.1049,America/Chicago,CST,-6,,,,,,,,,,,
Louisiana,LA,Lacassine,,,,,,,,70650,30.23548,-92.9215,America/Chicago,CST,-6,,,,,,,,,,,
Louisiana,LA,Lacassine National,,,,,,,,,30.23548,-92.9215,America/Chicago,CST,-6,,,,,,,,,,,
Louisiana,LA,Lacombe,,,,,,,,70445,30.38661,-89.9004,America/Chicago,CST,-6,,,,,,,,,,,
Louisiana,LA,Lafayette,,,,,,,,70596###70598###70593###70504###70505###70503###70502###70506###70507###70509###70501###70508,30.24171,-91.991,America/Chicago,CST,-6,,,,,,,,,,,
Louisiana,LA,Lafitte,,,,,,,,70067,29.70773,-90.0982,America/Chicago,CST,-6,,,,,,,,,,,
Louisiana,LA,Lake Arthur,,,,,,,,70549,30.08076,-92.6715,America/Chicago,CST,-6,,,,,,,,,,,
Louisiana,LA,Lake Catherine,,,,,,,,,30.16548,-91.1729,America/Chicago,CST,-6,,,,,,,,,,,
Louisiana,LA,Lake Charles,,,,,,,,70601###70611###70609###70616###70607###70629###70606###70605###70602###70612###70615,30.23336,-93.2149,America/Chicago,CST,-6,,,,,,,,,,,
Louisiana,LA,Lake Fausse Pointe,,,,,,,,,32.66097,-92.2776,America/Chicago,CST,-6,,,,,,,,,,,
Louisiana,LA,Lake Providence,,,,,,,,71254,32.79641,-91.2526,America/Chicago,CST,-6,,,,,,,,,,,
Louisiana,LA,Laplace,,,,,,,,,30.15606,-90.4367,America/Chicago,CST,-6,,,,,,,,,,,
Louisiana,LA,Larose,,,,,,,,70373,29.56692,-90.3763,America/Chicago,CST,-6,,,,,,,,,,,
Louisiana,LA,Lawtell,,,,,,,,70550,30.51859,-92.1877,America/Chicago,CST,-6,,,,,,,,,,,
Louisiana,LA,Leblanc,,,,,,,,70651,30.50909,-92.949,America/Chicago,CST,-6,,,,,,,,,,,
Louisiana,LA,Lebleu Settlement,,,,,,,,,30.86344,-91.7987,,,,,,,,,,,,,,
Louisiana,LA,Lecompte,,,,,,,,71346,31.0928,-92.4399,America/Chicago,CST,-6,,,,,,,,,,,
Louisiana,LA,Leesville,,,,,,,,71446###71459###71496,31.12564,-93.1736,America/Chicago,CST,-6,,,,,,,,,,,
Louisiana,LA,Leeville,,,,,,,,,29.24801,-90.2076,America/Chicago,CST,-6,,,,,,,,,,,
Louisiana,LA,Leonville,,,,,,,,70551,30.47519,-91.9737,America/Chicago,CST,-6,,,,,,,,,,,
Louisiana,LA,Lettsworth,,,,,,,,70753,30.9365,-91.7354,America/Chicago,CST,-6,,,,,,,,,,,
Louisiana,LA,Lillie,,,,,,,,71256,32.95628,-92.6873,America/Chicago,CST,-6,,,,,,,,,,,
Louisiana,LA,Lisbon,,,,,,,,71048,32.81894,-92.8665,America/Chicago,CST,-6,,,,,,,,,,,
Louisiana,LA,Livingston,,,,,,,,70754,30.40721,-90.7431,America/Chicago,CST,-6,,,,,,,,,,,
Louisiana,LA,Livonia,,,,,,,,70755,30.55908,-91.5559,America/Chicago,CST,-6,,,,,,,,,,,
Louisiana,LA,Lockport,,,,,,,,70374,29.64605,-90.5393,America/Chicago,CST,-6,,,,,,,,,,,
Louisiana,LA,Logansport,,,,,,,,71049,31.97544,-93.998,America/Chicago,CST,-6,,,,,,,,,,,
Louisiana,LA,Longstreet,,,,,,,,71050,32.11754,-93.9138,America/Chicago,CST,-6,,,,,,,,,,,
Louisiana,LA,Longville,,,,,,,,70652,30.58563,-93.2236,America/Chicago,CST,-6,,,,,,,,,,,
Louisiana,LA,Loreauville,,,,,,,,70552,30.05202,-91.6833,America/Chicago,CST,-6,,,,,,,,,,,
Louisiana,LA,Lottie,,,,,,,,70756,30.5563,-91.6418,America/Chicago,CST,-6,,,,,,,,,,,
Louisiana,LA,Lucky,,,,,,,,,32.25516,-92.9968,America/Chicago,CST,-6,,,,,,,,,,,
Louisiana,LA,Luling,,,,,,,,70070,29.90364,-90.3493,America/Chicago,CST,-6,,,,,,,,,,,
Louisiana,LA,Lutcher,,,,,,,,70071,30.04048,-90.699,America/Chicago,CST,-6,,,,,,,,,,,
Louisiana,LA,Lydia,,,,,,,,70569,29.90964,-91.8126,America/Chicago,CST,-6,,,,,,,,,,,
Louisiana,LA,Madisonville,,,,,,,,70447,30.40436,-90.157,America/Chicago,CST,-6,,,,,,,,,,,
Louisiana,LA,Mamou,,,,,,,,70554,30.63381,-92.4193,America/Chicago,CST,-6,,,,,,,,,,,
Louisiana,LA,Mandeville,,,,,,,,70448###70470###70471,30.36218,-90.0395,America/Chicago,CST,-6,,,,,,,,,,,
Louisiana,LA,Mangham,,,,,,,,71259,32.30904,-91.7749,America/Chicago,CST,-6,,,,,,,,,,,
Louisiana,LA,Mansfield,,,,,,,,71052,32.03995,-93.7098,America/Chicago,CST,-6,,,,,,,,,,,
Louisiana,LA,Mansura,,,,,,,,71350,31.06448,-92.0491,America/Chicago,CST,-6,,,,,,,,,,,
Louisiana,LA,Many,,,,,,,,71449,31.53002,-93.5116,America/Chicago,CST,-6,,,,,,,,,,,
Louisiana,LA,Maringouin,,,,,,,,70757,30.4913,-91.5196,America/Chicago,CST,-6,,,,,,,,,,,
Louisiana,LA,Marion,,,,,,,,71260,32.87156,-92.2862,America/Chicago,CST,-6,,,,,,,,,,,
Louisiana,LA,Marksville,,,,,,,,71351,31.11442,-92.0195,America/Chicago,CST,-6,,,,,,,,,,,
Louisiana,LA,Marrero,,,,,,,,70073###70072,29.83728,-90.1124,America/Chicago,CST,-6,,,,,,,,,,,
Louisiana,LA,Martin,,,,,,,,,32.08544,-93.2202,America/Chicago,CST,-6,,,,,,,,,,,
Louisiana,LA,Mathews,,,,,,,,70375,29.69383,-90.5496,America/Chicago,CST,-6,,,,,,,,,,,
Louisiana,LA,Maurice,,,,,,,,70555,30.07466,-92.1478,America/Chicago,CST,-6,,,,,,,,,,,
Louisiana,LA,Mcnary,,,,,,,,,30.98741,-92.5763,America/Chicago,CST,-6,,,,,,,,,,,
Louisiana,LA,Meaux,,,,,,,,,30.02076,-92.1826,America/Chicago,CST,-6,,,,,,,,,,,
Louisiana,LA,Melville,,,,,,,,71353,30.69297,-91.744,America/Chicago,CST,-6,,,,,,,,,,,
Louisiana,LA,Mer Rouge,,,,,,,,71261,32.79356,-91.7276,America/Chicago,CST,-6,,,,,,,,,,,
Louisiana,LA,Mermentau,,,,,,,,70556,30.18615,-92.5722,America/Chicago,CST,-6,,,,,,,,,,,
Louisiana,LA,Merrydale,,,,,,,,,0,0,,,,,,,,,,,,,,
Louisiana,LA,Merryville,,,,,,,,70653,30.75437,-93.5405,America/Chicago,CST,-6,,,,,,,,,,,
Louisiana,LA,Metairie,,,,,,,,70001###70002###70003###70004###70005###70006###70009###70010###70011###70033###70055###70060,29.98464,-90.1618,America/Chicago,CST,-6,,,,,,,,,,,
Louisiana,LA,Midland,,,,,,,,,0,0,,,,,,,,,,,,,,
Louisiana,LA,Midway,,,,,,,,,31.69212,-92.1524,America/Chicago,CST,-6,,,,,,,,,,,
Louisiana,LA,Milton,,,,,,,,70558,30.10381,-92.0765,America/Chicago,CST,-6,,,,,,,,,,,
Louisiana,LA,Minden,,,,,,,,71055###71058,32.72522,-93.3128,America/Chicago,CST,-6,,,,,,,,,,,
Louisiana,LA,Mire,,,,,,,,,30.29992,-92.1937,America/Chicago,CST,-6,,,,,,,,,,,
Louisiana,LA,Mittie,,,,,,,,70654,30.66145,-92.8754,America/Chicago,CST,-6,,,,,,,,,,,
Louisiana,LA,Monroe,,,,,,,,71203###71202###71207###71201###71209###71217###71213###71211###71210###71212,32.50283,-92.0946,America/Chicago,CST,-6,,,,,,,,,,,
Louisiana,LA,Montegut,,,,,,,,70377,29.45625,-90.525,America/Chicago,CST,-6,,,,,,,,,,,
Louisiana,LA,Montgomery,,,,,,,,71454,31.66739,-92.8907,America/Chicago,CST,-6,,,,,,,,,,,
Louisiana,LA,Montpelier,,,,,,,,,30.68102,-90.649,America/Chicago,CST,-6,,,,,,,,,,,
Louisiana,LA,Mooringsport,,,,,,,,71060,32.5948,-93.9768,America/Chicago,CST,-6,,,,,,,,,,,
Louisiana,LA,Moreauville,,,,,,,,71355,31.09884,-91.8748,America/Chicago,CST,-6,,,,,,,,,,,
Louisiana,LA,Morgan City,,,,,,,,70381###70380,29.69765,-91.2654,America/Chicago,CST,-6,,,,,,,,,,,
Louisiana,LA,Morganza,,,,,,,,70759,30.73852,-91.5943,America/Chicago,CST,-6,,,,,,,,,,,
Louisiana,LA,Morse,,,,,,,,70559,30.12976,-92.4767,America/Chicago,CST,-6,,,,,,,,,,,
Louisiana,LA,Moss Bluff,,,,,,,,,30.3027,-93.1907,America/Chicago,CST,-6,,,,,,,,,,,
Louisiana,LA,Mound,,,,,,,,,32.33931,-91.024,America/Chicago,CST,-6,,,,,,,,,,,
Louisiana,LA,Mount Herman,,,,,,,,,30.96018,-90.2959,America/Chicago,CST,-6,,,,,,,,,,,
Louisiana,LA,Mount Lebanon,,,,,,,,,32.50376,-93.0491,America/Chicago,CST,-6,,,,,,,,,,,
Louisiana,LA,Myrtle Grove,,,,,,,,,29.63744,-89.9492,America/Chicago,CST,-6,,,,,,,,,,,
Louisiana,LA,Napoleonville,,,,,,,,70390,29.90835,-91.0643,America/Chicago,CST,-6,,,,,,,,,,,
Louisiana,LA,Natchez,,,,,,,,71456,31.67544,-93.0446,America/Chicago,CST,-6,,,,,,,,,,,
Louisiana,LA,Natchitoches,,,,,,,,71497###71458###71457,31.70988,-93.1091,America/Chicago,CST,-6,,,,,,,,,,,
Louisiana,LA,New Iberia,,,,,,,,70560###70562###70563,29.94953,-91.8327,America/Chicago,CST,-6,,,,,,,,,,,
Louisiana,LA,New Llano,,,,,,,,,31.46073,-92.7707,America/Chicago,CST,-6,,,,,,,,,,,
Louisiana,LA,New Orleans,,,,,,,,70112###70130###70131###70139###70141###70142###70176###70143###70145###70146###70148###70150###70151###70152###70153###70154###70157###70129###70128###70114###70115###70156###70116###70117###70118###70119###70121###70186###70122###70123###70124###70125###70126###70127###70189###70158###70159###70166###70174###70167###70185###70184###70183###70187###70190###70177###70178###70172###70179###70195###70113###70165###70164###70160###70182###70161###70162###70170###70181###70163###70175,29.9583,-90.077,America/Chicago,CST,-6,,,,,,,,,,,
Louisiana,LA,New Roads,,,,,,,,70760,30.70157,-91.4362,America/Chicago,CST,-6,,,,,,,,,,,
Louisiana,LA,New Sarpy,,,,,,,,70078,29.98167,-90.386,America/Chicago,CST,-6,,,,,,,,,,,
Louisiana,LA,Newellton,,,,,,,,71357,32.03825,-91.2425,America/Chicago,CST,-6,,,,,,,,,,,
Louisiana,LA,Noble,,,,,,,,71462,31.69952,-93.7095,America/Chicago,CST,-6,,,,,,,,,,,
Louisiana,LA,Norco,,,,,,,,70079,30.00078,-90.4063,America/Chicago,CST,-6,,,,,,,,,,,
Louisiana,LA,North Hodge,,,,,,,,,32.28349,-92.716,America/Chicago,CST,-6,,,,,,,,,,,
Louisiana,LA,Norwood,,,,,,,,70761,30.95907,-91.0248,America/Chicago,CST,-6,,,,,,,,,,,
Louisiana,LA,Oak Grove,,,,,,,,71263,32.87313,-91.4302,America/Chicago,CST,-6,,,,,,,,,,,
Louisiana,LA,Oak Hills Place,,,,,,,,,30.40414,-91.1391,America/Chicago,CST,-6,,,,,,,,,,,
Louisiana,LA,Oak Ridge,,,,,,,,71264,32.60621,-91.7598,America/Chicago,CST,-6,,,,,,,,,,,
Louisiana,LA,Oakdale,,,,,,,,71463,30.80547,-92.6215,America/Chicago,CST,-6,,,,,,,,,,,
Louisiana,LA,Oberlin,,,,,,,,70655,30.6447,-92.7638,America/Chicago,CST,-6,,,,,,,,,,,
Louisiana,LA,Oil City,,,,,,,,71061,32.75582,-93.9667,America/Chicago,CST,-6,,,,,,,,,,,
Louisiana,LA,Olla,,,,,,,,71465,31.80574,-92.209,America/Chicago,CST,-6,,,,,,,,,,,
Louisiana,LA,Opelousas,,,,,,,,70571###70570,30.53366,-92.105,America/Chicago,CST,-6,,,,,,,,,,,
Louisiana,LA,Oretta,,,,,,,,,30.42601,-93.3913,America/Chicago,CST,-6,,,,,,,,,,,
Louisiana,LA,Paincourtville,,,,,,,,70391,29.99497,-91.0635,America/Chicago,CST,-6,,,,,,,,,,,
Louisiana,LA,Palmetto,,,,,,,,71358,30.72662,-91.8952,America/Chicago,CST,-6,,,,,,,,,,,
Louisiana,LA,Parks,,,,,,,,,30.21437,-91.8321,America/Chicago,CST,-6,,,,,,,,,,,
Louisiana,LA,Patterson,,,,,,,,70392,29.69326,-91.3021,America/Chicago,CST,-6,,,,,,,,,,,
Louisiana,LA,Pearl River,,,,,,,,70452,30.37603,-89.7484,America/Chicago,CST,-6,,,,,,,,,,,
Louisiana,LA,Pecan Island,,,,,,,,,0,0,,,,,,,,,,,,,,
Louisiana,LA,Pickering,,,,,,,,,31.03408,-93.2707,America/Chicago,CST,-6,,,,,,,,,,,
Louisiana,LA,Pierre Part,,,,,,,,70339,29.94756,-91.1885,America/Chicago,CST,-6,,,,,,,,,,,
Louisiana,LA,Pine Prairie,,,,,,,,70576,30.78381,-92.4254,America/Chicago,CST,-6,,,,,,,,,,,
Louisiana,LA,Pineville,,,,,,,,71361###71360###71359,31.20339,-92.5269,America/Chicago,CST,-6,,,,,,,,,,,
Louisiana,LA,Pioneer,,,,,,,,71266,32.73684,-91.5101,America/Chicago,CST,-6,,,,,,,,,,,
Louisiana,LA,Pitkin,,,,,,,,70656,30.98714,-93.0467,America/Chicago,CST,-6,,,,,,,,,,,
Louisiana,LA,Plain Dealing,,,,,,,,71064,32.90514,-93.6968,America/Chicago,CST,-6,,,,,,,,,,,
Louisiana,LA,Plaquemine,,,,,,,,70765###70764,30.21523,-91.2679,America/Chicago,CST,-6,,,,,,,,,,,
Louisiana,LA,Plaucheville,,,,,,,,71362,30.96547,-91.9818,America/Chicago,CST,-6,,,,,,,,,,,
Louisiana,LA,Pleasant Hill,,,,,,,,71065,31.79466,-93.5345,America/Chicago,CST,-6,,,,,,,,,,,
Louisiana,LA,Pointe A La Hache,,,,,,,,70082,29.55425,-89.7355,America/Chicago,CST,-6,,,,,,,,,,,
Louisiana,LA,Pollock,,,,,,,,71467,31.56668,-92.3963,America/Chicago,CST,-6,,,,,,,,,,,
Louisiana,LA,Ponchatoula,,,,,,,,70454,30.46796,-90.3939,America/Chicago,CST,-6,,,,,,,,,,,
Louisiana,LA,Port Allen,,,,,,,,70767,30.49488,-91.3093,America/Chicago,CST,-6,,,,,,,,,,,
Louisiana,LA,Port Barre,,,,,,,,70577,30.54428,-91.9189,America/Chicago,CST,-6,,,,,,,,,,,
Louisiana,LA,Port Sulphur,,,,,,,,70083,29.50422,-89.7202,America/Chicago,CST,-6,,,,,,,,,,,
Louisiana,LA,Powhatan,,,,,,,,71066,31.87406,-93.1966,America/Chicago,CST,-6,,,,,,,,,,,
Louisiana,LA,Prairieville,,,,,,,,70769,30.30297,-90.9721,America/Chicago,CST,-6,,,,,,,,,,,
Louisiana,LA,Pride,,,,,,,,70770,30.64659,-90.9743,America/Chicago,CST,-6,,,,,,,,,,,
Louisiana,LA,Prien,,,,,,,,,0,0,,,,,,,,,,,,,,
Louisiana,LA,Provencal,,,,,,,,71468,31.65295,-93.2021,America/Chicago,CST,-6,,,,,,,,,,,
Louisiana,LA,Quitman,,,,,,,,71268,32.33763,-92.6722,America/Chicago,CST,-6,,,,,,,,,,,
Louisiana,LA,Raceland,,,,,,,,70394,29.68376,-90.6278,America/Chicago,CST,-6,,,,,,,,,,,
Louisiana,LA,Ragley,,,,,,,,70657,30.52819,-93.1489,America/Chicago,CST,-6,,,,,,,,,,,
Louisiana,LA,Ramah,,,,,,,,,30.40242,-91.5073,America/Chicago,CST,-6,,,,,,,,,,,
Louisiana,LA,Rayne,,,,,,,,70578,30.25641,-92.2613,America/Chicago,CST,-6,,,,,,,,,,,
Louisiana,LA,Rayville,,,,,,,,71269,32.44565,-91.7433,America/Chicago,CST,-6,,,,,,,,,,,
Louisiana,LA,Red Chute,,,,,,,,,32.55598,-93.6132,America/Chicago,CST,-6,,,,,,,,,,,
Louisiana,LA,Reddell,,,,,,,,70580,30.67409,-92.4262,America/Chicago,CST,-6,,,,,,,,,,,
Louisiana,LA,Reeves,,,,,,,,70658,30.51115,-93.0368,America/Chicago,CST,-6,,,,,,,,,,,
Louisiana,LA,Reserve,,,,,,,,70084,30.05819,-90.6059,America/Chicago,CST,-6,,,,,,,,,,,
Louisiana,LA,Richard,,,,,,,,,30.42187,-92.3129,America/Chicago,CST,-6,,,,,,,,,,,
Louisiana,LA,Richmond,,,,,,,,,32.38792,-91.1821,America/Chicago,CST,-6,,,,,,,,,,,
Louisiana,LA,Richwood,,,,,,,,,32.44876,-92.0849,America/Chicago,CST,-6,,,,,,,,,,,
Louisiana,LA,Ridgecrest,,,,,,,,,31.60294,-91.5279,America/Chicago,CST,-6,,,,,,,,,,,
Louisiana,LA,Ringgold,,,,,,,,71068,32.32849,-93.2799,America/Chicago,CST,-6,,,,,,,,,,,
Louisiana,LA,River Ridge,,,,,,,,,29.9602,-90.2156,America/Chicago,CST,-6,,,,,,,,,,,
Louisiana,LA,Roanoke,,,,,,,,70581,30.24636,-92.7421,America/Chicago,CST,-6,,,,,,,,,,,
Louisiana,LA,Robeline,,,,,,,,71469,31.69044,-93.3046,America/Chicago,CST,-6,,,,,,,,,,,
Louisiana,LA,Robert,,,,,,,,70455,30.5063,-90.3409,America/Chicago,CST,-6,,,,,,,,,,,
Louisiana,LA,Rockefeller Wildlife Refuge,,,,,,,,,0,0,,,,,,,,,,,,,,
Louisiana,LA,Rodessa,,,,,,,,71069,32.96331,-93.9689,America/Chicago,CST,-6,,,,,,,,,,,
Louisiana,LA,Roseland,,,,,,,,70456,30.76491,-90.5118,America/Chicago,CST,-6,,,,,,,,,,,
Louisiana,LA,Rosepine,,,,,,,,70659,30.91991,-93.2824,America/Chicago,CST,-6,,,,,,,,,,,
Louisiana,LA,Ruston,,,,,,,,71270###71272###71273,32.58055,-92.6398,America/Chicago,CST,-6,,,,,,,,,,,
Louisiana,LA,Rutherford Beach,,,,,,,,,30.6088,-89.9001,America/Chicago,CST,-6,,,,,,,,,,,
Louisiana,LA,Sabine National Wildlife Refuge,,,,,,,,,0,0,,,,,,,,,,,,,,
Louisiana,LA,Saline,,,,,,,,71070,32.19698,-92.917,America/Chicago,CST,-6,,,,,,,,,,,
Louisiana,LA,Sarepta,,,,,,,,71071,32.89292,-93.4485,America/Chicago,CST,-6,,,,,,,,,,,
Louisiana,LA,Schriever,,,,,,,,70395,29.69118,-90.8639,America/Chicago,CST,-6,,,,,,,,,,,
Louisiana,LA,Scott,,,,,,,,70583,30.273,-92.1007,America/Chicago,CST,-6,,,,,,,,,,,
Louisiana,LA,Shenandoah,,,,,,,,,0,0,,,,,,,,,,,,,,
Louisiana,LA,Shongaloo,,,,,,,,71072,32.94153,-93.2988,America/Chicago,CST,-6,,,,,,,,,,,
Louisiana,LA,Shreveport,,,,,,,,71101###71102###71165###71154###71153###71152###71151###71150###71149###71148###71133###71134###71138###71107###71135###71137###71109###71108###71136###71130###71164###71166###71129###71106###71118###71163###71119###71162###71156###71120###71105###71103###71104###71161###71115,32.4982,-93.7502,America/Chicago,CST,-6,,,,,,,,,,,
Louisiana,LA,Sibley,,,,,,,,71073,32.52097,-93.3116,America/Chicago,CST,-6,,,,,,,,,,,
Louisiana,LA,Sicily Island,,,,,,,,71368,31.84818,-91.6613,America/Chicago,CST,-6,,,,,,,,,,,
Louisiana,LA,Sikes,,,,,,,,71473,32.04274,-92.4495,America/Chicago,CST,-6,,,,,,,,,,,
Louisiana,LA,Simmesport,,,,,,,,71369,30.94681,-91.8944,America/Chicago,CST,-6,,,,,,,,,,,
Louisiana,LA,Simpson,,,,,,,,71474,31.25704,-93.017,America/Chicago,CST,-6,,,,,,,,,,,
Louisiana,LA,Simsboro,,,,,,,,71275,32.5346,-92.7885,America/Chicago,CST,-6,,,,,,,,,,,
Louisiana,LA,Singer,,,,,,,,70660,30.59397,-93.3691,America/Chicago,CST,-6,,,,,,,,,,,
Louisiana,LA,Slagle,,,,,,,,71475,31.11198,-93.2009,America/Chicago,CST,-6,,,,,,,,,,,
Louisiana,LA,Slaughter,,,,,,,,70777,30.71741,-91.1415,America/Chicago,CST,-6,,,,,,,,,,,
Louisiana,LA,Slidell,,,,,,,,70459###70458###70460###70461###70469,30.26211,-89.7926,America/Chicago,CST,-6,,,,,,,,,,,
Louisiana,LA,Sorrento,,,,,,,,70778,30.18436,-90.8593,America/Chicago,CST,-6,,,,,,,,,,,
Louisiana,LA,South Mansfield,,,,,,,,,32.02183,-93.7143,America/Chicago,CST,-6,,,,,,,,,,,
Louisiana,LA,Spearsville,,,,,,,,71277,32.91651,-92.5746,America/Chicago,CST,-6,,,,,,,,,,,
Louisiana,LA,Spillman,,,,,,,,,30.81773,-91.194,America/Chicago,CST,-6,,,,,,,,,,,
Louisiana,LA,Springfield,,,,,,,,70462,30.38741,-90.5887,America/Chicago,CST,-6,,,,,,,,,,,
Louisiana,LA,Springhill,,,,,,,,71075,32.99495,-93.5092,America/Chicago,CST,-6,,,,,,,,,,,
Louisiana,LA,St. Francisville,,,,,,,,,30.8694,-91.4186,America/Chicago,CST,-6,,,,,,,,,,,
Louisiana,LA,St. Joseph,,,,,,,,,31.91905,-91.2396,America/Chicago,CST,-6,,,,,,,,,,,
Louisiana,LA,St. Landry,,,,,,,,,30.89979,-92.2964,America/Chicago,CST,-6,,,,,,,,,,,
Louisiana,LA,St. Martinville,,,,,,,,,30.22367,-91.7794,America/Chicago,CST,-6,,,,,,,,,,,
Louisiana,LA,St. Rose,,,,,,,,,29.95809,-90.312,America/Chicago,CST,-6,,,,,,,,,,,
Louisiana,LA,Stanley,,,,,,,,,31.961,-93.898,America/Chicago,CST,-6,,,,,,,,,,,
Louisiana,LA,Starks,,,,,,,,70661,30.31217,-93.643,America/Chicago,CST,-6,,,,,,,,,,,
Louisiana,LA,Stephensville,,,,,,,,,30.45546,-91.0663,America/Chicago,CST,-6,,,,,,,,,,,
Louisiana,LA,Sterlington,,,,,,,,71280,32.69625,-92.086,America/Chicago,CST,-6,,,,,,,,,,,
Louisiana,LA,Stonewall,,,,,,,,71078,32.28183,-93.8241,America/Chicago,CST,-6,,,,,,,,,,,
Louisiana,LA,Sugartown,,,,,,,,70662,30.80375,-93.0106,America/Chicago,CST,-6,,,,,,,,,,,
Louisiana,LA,Sulphur,,,,,,,,70665###70664###70663,30.30019,-93.4351,America/Chicago,CST,-6,,,,,,,,,,,
Louisiana,LA,Sun,,,,,,,,70463,30.65824,-89.9039,America/Chicago,CST,-6,,,,,,,,,,,
Louisiana,LA,Sunset,,,,,,,,70584,30.41131,-92.0685,America/Chicago,CST,-6,,,,,,,,,,,
Louisiana,LA,Swartz,,,,,,,,71281,32.49078,-92.1594,America/Chicago,CST,-6,,,,,,,,,,,
Louisiana,LA,Tallulah,,,,,,,,71282###71284,32.4326,-91.0645,America/Chicago,CST,-6,,,,,,,,,,,
Louisiana,LA,Tangipahoa,,,,,,,,70465,30.86387,-90.513,America/Chicago,CST,-6,,,,,,,,,,,
Louisiana,LA,Terrytown,,,,,,,,,29.91021,-90.0326,America/Chicago,CST,-6,,,,,,,,,,,
Louisiana,LA,Thibodaux,,,,,,,,70310###70302###70301,29.80833,-90.7503,America/Chicago,CST,-6,,,,,,,,,,,
Louisiana,LA,Tickfaw,,,,,,,,70466,30.57283,-90.4394,America/Chicago,CST,-6,,,,,,,,,,,
Louisiana,LA,Timberlane,,,,,,,,,29.91342,-90.0532,America/Chicago,CST,-6,,,,,,,,,,,
Louisiana,LA,Topsy,,,,,,,,,30.22679,-93.2154,America/Chicago,CST,-6,,,,,,,,,,,
Louisiana,LA,Tullos,,,,,,,,71479,31.81933,-92.3299,America/Chicago,CST,-6,,,,,,,,,,,
Louisiana,LA,Turkey Creek,,,,,,,,70585,30.87835,-92.4077,America/Chicago,CST,-6,,,,,,,,,,,
Louisiana,LA,Union Hill,,,,,,,,,30.99463,-92.7313,America/Chicago,CST,-6,,,,,,,,,,,
Louisiana,LA,Urania,,,,,,,,71480,31.865,-92.2915,America/Chicago,CST,-6,,,,,,,,,,,
Louisiana,LA,Varnado,,,,,,,,,30.8938,-89.8295,America/Chicago,CST,-6,,,,,,,,,,,
Louisiana,LA,Venice,,,,,,,,70091,29.27954,-89.3739,America/Chicago,CST,-6,,,,,,,,,,,
Louisiana,LA,Vidalia,,,,,,,,71373,31.56544,-91.426,America/Chicago,CST,-6,,,,,,,,,,,
Louisiana,LA,Vienna,,,,,,,,,32.59098,-92.6479,America/Chicago,CST,-6,,,,,,,,,,,
Louisiana,LA,Village St. George,,,,,,,,,30.40414,-91.1391,America/Chicago,CST,-6,,,,,,,,,,,
Louisiana,LA,Ville Platte,,,,,,,,70586,30.72497,-92.387,America/Chicago,CST,-6,,,,,,,,,,,
Louisiana,LA,Vinton,,,,,,,,70668,30.20821,-93.5838,America/Chicago,CST,-6,,,,,,,,,,,
Louisiana,LA,Violet,,,,,,,,70092,29.90026,-89.8949,America/Chicago,CST,-6,,,,,,,,,,,
Louisiana,LA,Vivian,,,,,,,,71082,32.84233,-93.9504,America/Chicago,CST,-6,,,,,,,,,,,
Louisiana,LA,Waggaman,,,,,,,,,29.91854,-90.2109,America/Chicago,CST,-6,,,,,,,,,,,
Louisiana,LA,Wakefield,,,,,,,,70784,30.91745,-91.3581,America/Chicago,CST,-6,,,,,,,,,,,
Louisiana,LA,Walker,,,,,,,,70785,30.54932,-90.8362,America/Chicago,CST,-6,,,,,,,,,,,
Louisiana,LA,Washington,,,,,,,,70589,30.61631,-92.0571,America/Chicago,CST,-6,,,,,,,,,,,
Louisiana,LA,Waterproof,,,,,,,,71375,31.80576,-91.3871,America/Chicago,CST,-6,,,,,,,,,,,
Louisiana,LA,Watson,,,,,,,,70786,30.55022,-90.9582,America/Chicago,CST,-6,,,,,,,,,,,
Louisiana,LA,Weeks Island,,,,,,,,,0,0,,,,,,,,,,,,,,
Louisiana,LA,Welsh,,,,,,,,70591,30.29428,-92.8337,America/Chicago,CST,-6,,,,,,,,,,,
Louisiana,LA,West Ferriday,,,,,,,,,31.66022,-91.5502,America/Chicago,CST,-6,,,,,,,,,,,
Louisiana,LA,West Monroe,,,,,,,,71292###71291###71294,32.56566,-92.1729,America/Chicago,CST,-6,,,,,,,,,,,
Louisiana,LA,Westlake,,,,,,,,70669,30.24071,-93.2755,America/Chicago,CST,-6,,,,,,,,,,,
Louisiana,LA,Westminster,,,,,,,,,30.4138,-91.0876,America/Chicago,CST,-6,,,,,,,,,,,
Louisiana,LA,Westwego,,,,,,,,70096###70094,29.92077,-90.2043,America/Chicago,CST,-6,,,,,,,,,,,
Louisiana,LA,White Castle,,,,,,,,70788,30.15929,-91.1465,America/Chicago,CST,-6,,,,,,,,,,,
Louisiana,LA,Whitehall,,,,,,,,,30.37628,-90.5808,America/Chicago,CST,-6,,,,,,,,,,,
Louisiana,LA,Wilmer,,,,,,,,,30.81407,-90.3626,America/Chicago,CST,-6,,,,,,,,,,,
Louisiana,LA,Winnfield,,,,,,,,71483,31.91495,-92.6693,America/Chicago,CST,-6,,,,,,,,,,,
Louisiana,LA,Winnsboro,,,,,,,,71295,32.11812,-91.7059,America/Chicago,CST,-6,,,,,,,,,,,
Louisiana,LA,Wisner,,,,,,,,71378,31.96134,-91.66,America/Chicago,CST,-6,,,,,,,,,,,
Louisiana,LA,Woodmere,,,,,,,,,0,0,,,,,,,,,,,,,,
Louisiana,LA,Woodworth,,,,,,,,71485,31.16349,-92.5322,America/Chicago,CST,-6,,,,,,,,,,,
Louisiana,LA,Youngsville,,,,,,,,70592,30.09965,-91.9901,America/Chicago,CST,-6,,,,,,,,,,,
Louisiana,LA,Yscloskey,,,,,,,,,0,0,,,,,,,,,,,,,,
Louisiana,LA,Zachary,,,,,,,,70791,30.64104,-91.1291,America/Chicago,CST,-6,,,,,,,,,,,
Louisiana,LA,Zwolle,,,,,,,,71486,31.64176,-93.6379,America/Chicago,CST,-6,,,,,,,,,,,
